time,table1 (2p),table2 (2p),table3 (2p),table4 (2p),table5 (4p),table6 (4p),table7 (4p),table8 (4p)
12:00,,Jones,,,Taylor,,,
12:30,Anderson,Liam H,Jackson K,Elias J,Brown,Miller,Pablo S,Simmons H
13:00,Li,Patel,Johnson,,MÃ¼ller,Wilson,Moore,Wong
13:30,Martin,,,,Singh,Thomas,,
14:00,,,,,Clark,,Lee,
14:30,,,Ivanov,Ahmed,,,,
15:00,,,,,,,,
17:00,,Collins,,,,,,
17:30,Yamamoto,,,,Cooper,,,
18:00,Rossi,Bailey,,Richardson,Wood,Marshall,Morgan,
18:30,Watson,Brooks,Kelly,James,Bennett,Gray,Price,Hughes
19:00,Barnes,Ross,Henderson,Coleman,Jenkins,Perry,Powell,Long
19:30,Simmons,,Reynolds,James W,Griffin,Jason K,Diaz,
20:00,,,Russell,,Davidson,Dixon,,Ellis
20:30,Mcdonald,,Ferguson,,,,Holland,
21:00,,Day,,Owens,,,,